{
  "model_name": "filtered_and",
  "alike": {
    "total_sentences": 100,
    "valid_scores": 100,
    "mean_perplexity": 929.4374996757507,
    "std_perplexity": 2076.699281763088,
    "min_perplexity": 17.967208862304688,
    "max_perplexity": 11578.83984375,
    "scores": [
      90.38250732421875,
      63.94457244873047,
      327.89520263671875,
      506.9334411621094,
      133.537841796875,
      114.51480102539062,
      4219.2236328125,
      550.0776977539062,
      531.853271484375,
      42.27511215209961,
      45.429779052734375,
      37.51240539550781,
      66.59746551513672,
      75.1662368774414,
      24.745895385742188,
      1309.8876953125,
      1246.912841796875,
      607.9301147460938,
      104.71793365478516,
      403.0180969238281,
      240.7359619140625,
      229.04685974121094,
      153.03721618652344,
      189.38275146484375,
      75.37983703613281,
      17.967208862304688,
      1626.3414306640625,
      447.28314208984375,
      389.1385192871094,
      112.20465850830078,
      208.69427490234375,
      312.2646789550781,
      119.54265594482422,
      408.2833557128906,
      177.91983032226562,
      5002.8603515625,
      607.2388305664062,
      534.945068359375,
      2560.95849609375,
      325.2093505859375,
      1059.5,
      64.0816879272461,
      274.18353271484375,
      1042.8297119140625,
      3590.379638671875,
      67.48880767822266,
      71.6332778930664,
      39.5417366027832,
      48.82738494873047,
      43.195213317871094,
      140.7568359375,
      191.93484497070312,
      94.59903717041016,
      120.46996307373047,
      186.3580322265625,
      1022.6517944335938,
      298.130615234375,
      514.2245483398438,
      547.1640014648438,
      100.04479217529297,
      227.72499084472656,
      11243.689453125,
      901.771240234375,
      265.3583984375,
      1164.027099609375,
      287.7164306640625,
      20.6635799407959,
      136.40097045898438,
      209.7327880859375,
      69.40998840332031,
      185.89288330078125,
      89.90619659423828,
      8667.826171875,
      532.8567504882812,
      40.26054382324219,
      249.03759765625,
      826.4254150390625,
      362.6479797363281,
      345.60577392578125,
      42.08938980102539,
      233.3620147705078,
      276.5404052734375,
      61.84141159057617,
      394.0249328613281,
      45.14063262939453,
      87.64739990234375,
      113.55040740966797,
      177.8988800048828,
      78.85418701171875,
      103.34367370605469,
      11578.83984375,
      1571.0732421875,
      585.2721557617188,
      1081.3909912109375,
      1760.9320068359375,
      1717.92431640625,
      490.3728942871094,
      2222.3984375,
      9210.7548828125,
      1524.55712890625
    ]
  },
  "unlike": {
    "total_sentences": 100,
    "valid_scores": 100,
    "mean_perplexity": 324.1875749588013,
    "std_perplexity": 343.9987245297501,
    "min_perplexity": 43.20166778564453,
    "max_perplexity": 2026.8985595703125,
    "scores": [
      64.83919525146484,
      95.54469299316406,
      78.70325469970703,
      129.7725372314453,
      49.29310607910156,
      298.7641906738281,
      122.50370025634766,
      358.445556640625,
      199.23159790039062,
      131.5614013671875,
      62.52212142944336,
      105.4395523071289,
      174.34506225585938,
      97.6579360961914,
      1548.9146728515625,
      321.0497131347656,
      130.61734008789062,
      87.6178970336914,
      377.0992736816406,
      127.2562026977539,
      97.521728515625,
      174.3639373779297,
      255.16627502441406,
      43.20166778564453,
      1013.2110595703125,
      157.17483520507812,
      1030.689208984375,
      483.8113098144531,
      282.0838317871094,
      413.7870788574219,
      167.968017578125,
      88.62154388427734,
      82.91236877441406,
      92.47554016113281,
      423.7215576171875,
      289.402099609375,
      294.4513854980469,
      106.03985595703125,
      108.75243377685547,
      580.1376953125,
      359.2794189453125,
      263.9071350097656,
      529.6807861328125,
      345.51715087890625,
      1611.341552734375,
      739.879150390625,
      1053.104736328125,
      570.2740478515625,
      904.0509643554688,
      189.6651611328125,
      524.4122314453125,
      754.4384765625,
      245.38177490234375,
      488.23638916015625,
      295.45306396484375,
      304.01708984375,
      373.266357421875,
      86.9365005493164,
      81.50196838378906,
      125.96646118164062,
      244.93719482421875,
      105.67127990722656,
      113.41572570800781,
      2026.8985595703125,
      86.09029388427734,
      243.88735961914062,
      122.6471939086914,
      187.41741943359375,
      152.73379516601562,
      171.18592834472656,
      111.74669647216797,
      296.3500061035156,
      222.84840393066406,
      841.6348876953125,
      96.80166625976562,
      593.0624389648438,
      175.7337646484375,
      132.4388885498047,
      339.7778015136719,
      267.5026550292969,
      86.93380737304688,
      96.05934143066406,
      88.04806518554688,
      108.2348861694336,
      186.78443908691406,
      137.97467041015625,
      252.97999572753906,
      132.6441650390625,
      76.33103942871094,
      198.36233520507812,
      282.63018798828125,
      157.1324920654297,
      203.2799835205078,
      137.77606201171875,
      106.67887878417969,
      793.3411254882812,
      586.2483520507812,
      486.4918212890625,
      883.9937744140625,
      291.0672607421875
    ]
  },
  "grammaticality_judgment": {
    "total_tests": 20,
    "test_results": [
      {
        "test_purpose": "selection violation",
        "grammatical_sentences": [
          "You can depend on my assistant and that he will be on time ."
        ],
        "ungrammatical_sentences": [
          "You can depend on that he will be on time ."
        ],
        "grammatical_scores": [
          64.83919525146484
        ],
        "ungrammatical_scores": [
          63.28171157836914
        ],
        "correct_pairs": 0,
        "total_pairs": 1
      },
      {
        "test_purpose": "conjunct position phenomenon",
        "grammatical_sentences": [
          "You can depend on my assistant and that he will be on time ."
        ],
        "ungrammatical_sentences": [
          "You can depend on that he will be on time and my assistant ."
        ],
        "grammatical_scores": [
          64.83919525146484
        ],
        "ungrammatical_scores": [
          82.21619415283203
        ],
        "correct_pairs": 1,
        "total_pairs": 1
      },
      {
        "test_purpose": "selection violation; CP as NP requirement",
        "grammatical_sentences": [
          "That he will be on time, you can depend on ."
        ],
        "ungrammatical_sentences": [
          "You can depend on that he will be on time ."
        ],
        "grammatical_scores": [
          558.7649536132812
        ],
        "ungrammatical_scores": [
          63.28171157836914
        ],
        "correct_pairs": 0,
        "total_pairs": 1
      },
      {
        "test_purpose": "verb dependency",
        "grammatical_sentences": [
          "This depends on my assistant and that he will be on time ."
        ],
        "ungrammatical_sentences": [
          "This strengthens the claim and that my assistant will be on time ."
        ],
        "grammatical_scores": [
          129.11758422851562
        ],
        "ungrammatical_scores": [
          235.725830078125
        ],
        "correct_pairs": 1,
        "total_pairs": 1
      },
      {
        "test_purpose": "category mismatch restricted",
        "grammatical_sentences": [
          "Hobbs ended up liking Rhodes and hating Barnes ."
        ],
        "ungrammatical_sentences": [
          "Hobbs ended up liking Rhodes and to hate Barnes ."
        ],
        "grammatical_scores": [
          1069.5096435546875
        ],